class,counts,accuracy
-1,76,0.13157894736842105
-2,202,0.12376237623762376
-3,260,0.18846153846153846
-4,64,0.09375
0,847,0.6210153482880756
1,93,0.4946236559139785
2,348,0.1724137931034483
3,1218,0.7791461412151067
4,291,0.06872852233676977
