class,counts,accuracy
-1,76,0.17105263157894737
-2,202,0.33663366336633666
-3,260,0.38846153846153847
-4,64,0.515625
0,847,0.6044864226682408
1,93,0.24731182795698925
2,348,0.46551724137931033
3,1218,0.5410509031198686
4,291,0.3539518900343643
