class,counts,accuracy
-1,76,0.15789473684210525
-2,202,0.3564356435643564
-3,260,0.45
-4,64,0.46875
0,847,0.7567886658795749
1,93,0.5053763440860215
2,348,0.4885057471264368
3,1218,0.6091954022988506
4,291,0.48109965635738833
